"LOCATION","Country","SUBJECT","Subject","SEX","Sex","FREQUENCY","Frequency","TIME","Time","Unit Code","Unit","PowerCode Code","PowerCode","Reference Period Code","Reference Period","Value","Flag Codes","Flags"
"CAN","Canada","YS99TTL1_ST","Employment all status, all activities ","TT","All persons","A","Annual","1970","1970","PER","Persons","3","Thousands",,,7879,,
"CAN","Canada","YS99TTL1_ST","Employment all status, all activities ","TT","All persons","A","Annual","1971","1971","PER","Persons","3","Thousands",,,8079,,
"CAN","Canada","YS99TTL1_ST","Employment all status, all activities ","TT","All persons","A","Annual","1972","1972","PER","Persons","3","Thousands",,,8329,,
"CAN","Canada","YS99TTL1_ST","Employment all status, all activities ","TT","All persons","A","Annual","1973","1973","PER","Persons","3","Thousands",,,8759,,
"CAN","Canada","YS99TTL1_ST","Employment all status, all activities ","TT","All persons","A","Annual","1974","1974","PER","Persons","3","Thousands",,,9137,,
"CAN","Canada","YS99TTL1_ST","Employment all status, all activities ","TT","All persons","A","Annual","1975","1975","PER","Persons","3","Thousands",,,9308,,
"CAN","Canada","YS99TTL1_ST","Employment all status, all activities ","TT","All persons","A","Annual","1976","1976","PER","Persons","3","Thousands",,,9747.5,,
"CAN","Canada","YS99TTL1_ST","Employment all status, all activities ","TT","All persons","A","Annual","1977","1977","PER","Persons","3","Thousands",,,9917.1,,
"CAN","Canada","YS99TTL1_ST","Employment all status, all activities ","TT","All persons","A","Annual","1978","1978","PER","Persons","3","Thousands",,,10220.3,,
"CAN","Canada","YS99TTL1_ST","Employment all status, all activities ","TT","All persons","A","Annual","1979","1979","PER","Persons","3","Thousands",,,10668.6,,
"CAN","Canada","YS99TTL1_ST","Employment all status, all activities ","TT","All persons","A","Annual","1980","1980","PER","Persons","3","Thousands",,,10984,,
"CAN","Canada","YS99TTL1_ST","Employment all status, all activities ","TT","All persons","A","Annual","1981","1981","PER","Persons","3","Thousands",,,11305,,
"CAN","Canada","YS99TTL1_ST","Employment all status, all activities ","TT","All persons","A","Annual","1982","1982","PER","Persons","3","Thousands",,,10943.7,,
"CAN","Canada","YS99TTL1_ST","Employment all status, all activities ","TT","All persons","A","Annual","1983","1983","PER","Persons","3","Thousands",,,11022,,
"CAN","Canada","YS99TTL1_ST","Employment all status, all activities ","TT","All persons","A","Annual","1984","1984","PER","Persons","3","Thousands",,,11301.7,,
"CAN","Canada","YS99TTL1_ST","Employment all status, all activities ","TT","All persons","A","Annual","1985","1985","PER","Persons","3","Thousands",,,11627.3,,
"CAN","Canada","YS99TTL1_ST","Employment all status, all activities ","TT","All persons","A","Annual","1986","1986","PER","Persons","3","Thousands",,,11986.6,,
"CAN","Canada","YS99TTL1_ST","Employment all status, all activities ","TT","All persons","A","Annual","1987","1987","PER","Persons","3","Thousands",,,12333,,
"CAN","Canada","YS99TTL1_ST","Employment all status, all activities ","TT","All persons","A","Annual","1988","1988","PER","Persons","3","Thousands",,,12709.6,,
"CAN","Canada","YS99TTL1_ST","Employment all status, all activities ","TT","All persons","A","Annual","1989","1989","PER","Persons","3","Thousands",,,12996.2,,
"CAN","Canada","YS99TTL1_ST","Employment all status, all activities ","TT","All persons","A","Annual","1990","1990","PER","Persons","3","Thousands",,,13086.4,,
"CAN","Canada","YS99TTL1_ST","Employment all status, all activities ","TT","All persons","A","Annual","1991","1991","PER","Persons","3","Thousands",,,12857.4,,
"CAN","Canada","YS99TTL1_ST","Employment all status, all activities ","TT","All persons","A","Annual","1992","1992","PER","Persons","3","Thousands",,,12730.9,,
"CAN","Canada","YS99TTL1_ST","Employment all status, all activities ","TT","All persons","A","Annual","1993","1993","PER","Persons","3","Thousands",,,12792.7,,
"CAN","Canada","YS99TTL1_ST","Employment all status, all activities ","TT","All persons","A","Annual","1994","1994","PER","Persons","3","Thousands",,,13058.7,,
"CAN","Canada","YS99TTL1_ST","Employment all status, all activities ","TT","All persons","A","Annual","1995","1995","PER","Persons","3","Thousands",,,13295.4,,
"CAN","Canada","YS99TTL1_ST","Employment all status, all activities ","TT","All persons","A","Annual","1996","1996","PER","Persons","3","Thousands",,,13420.1,,
"CAN","Canada","YS99TTL1_ST","Employment all status, all activities ","TT","All persons","A","Annual","1997","1997","PER","Persons","3","Thousands",,,13708.2,,
"CAN","Canada","YS99TTL1_ST","Employment all status, all activities ","TT","All persons","A","Annual","1998","1998","PER","Persons","3","Thousands",,,14047,,
"CAN","Canada","YS99TTL1_ST","Employment all status, all activities ","TT","All persons","A","Annual","1999","1999","PER","Persons","3","Thousands",,,14402,,
"CAN","Canada","YS99TTL1_ST","Employment all status, all activities ","TT","All persons","A","Annual","2000","2000","PER","Persons","3","Thousands",,,14760.1,,
"CAN","Canada","YS99TTL1_ST","Employment all status, all activities ","TT","All persons","A","Annual","2001","2001","PER","Persons","3","Thousands",,,14932.3,,
"CAN","Canada","YS99TTL1_ST","Employment all status, all activities ","TT","All persons","A","Annual","2002","2002","PER","Persons","3","Thousands",,,15291.3,,
"CAN","Canada","YS99TTL1_ST","Employment all status, all activities ","TT","All persons","A","Annual","2003","2003","PER","Persons","3","Thousands",,,15660.8,,
"CAN","Canada","YS99TTL1_ST","Employment all status, all activities ","TT","All persons","A","Annual","2004","2004","PER","Persons","3","Thousands",,,15915,,
"CAN","Canada","YS99TTL1_ST","Employment all status, all activities ","TT","All persons","A","Annual","2005","2005","PER","Persons","3","Thousands",,,16123.5,,
"CAN","Canada","YS99TTL1_ST","Employment all status, all activities ","TT","All persons","A","Annual","2006","2006","PER","Persons","3","Thousands",,,16396,,
"CAN","Canada","YS99TTL1_ST","Employment all status, all activities ","TT","All persons","A","Annual","2007","2007","PER","Persons","3","Thousands",,,16769.3,,
"CAN","Canada","YS99TTL1_ST","Employment all status, all activities ","TT","All persons","A","Annual","2008","2008","PER","Persons","3","Thousands",,,17010.2,,
"CAN","Canada","YS99TTL1_ST","Employment all status, all activities ","TT","All persons","A","Annual","2009","2009","PER","Persons","3","Thousands",,,16727.6,,
"CAN","Canada","YS99TTL1_ST","Employment all status, all activities ","TT","All persons","A","Annual","2010","2010","PER","Persons","3","Thousands",,,16964.3,,
"CAN","Canada","YS99TTL1_ST","Employment all status, all activities ","TT","All persons","A","Annual","2011","2011","PER","Persons","3","Thousands",,,17221,,
"CAN","Canada","YS99TTL1_ST","Employment all status, all activities ","TT","All persons","A","Annual","2012","2012","PER","Persons","3","Thousands",,,17438,,
"CAN","Canada","YS99TTL1_ST","Employment all status, all activities ","TT","All persons","A","Annual","2013","2013","PER","Persons","3","Thousands",,,17691.1,,
"CAN","Canada","YS99TTL1_ST","Employment all status, all activities ","TT","All persons","A","Annual","2014","2014","PER","Persons","3","Thousands",,,17802.2,,
"CAN","Canada","YS99TTL1_ST","Employment all status, all activities ","TT","All persons","A","Annual","2015","2015","PER","Persons","3","Thousands",,,17946.6,,
"CAN","Canada","YS99TTL1_ST","Employment all status, all activities ","TT","All persons","A","Annual","2016","2016","PER","Persons","3","Thousands",,,18079.9,,
"CAN","Canada","YS99TTL1_ST","Employment all status, all activities ","TT","All persons","A","Annual","2017","2017","PER","Persons","3","Thousands",,,18416.4,,
"CAN","Canada","YS99TTL1_ST","Employment all status, all activities ","TT","All persons","A","Annual","2018","2018","PER","Persons","3","Thousands",,,18657.5,,
"CAN","Canada","YS99TTL1_ST","Employment all status, all activities ","TT","All persons","A","Annual","2019","2019","PER","Persons","3","Thousands",,,19056,,
"FRA","France","YS99TTL1_ST","Employment all status, all activities ","TT","All persons","A","Annual","1970","1970","PER","Persons","3","Thousands",,,20327,,
"FRA","France","YS99TTL1_ST","Employment all status, all activities ","TT","All persons","A","Annual","1971","1971","PER","Persons","3","Thousands",,,20437,,
"FRA","France","YS99TTL1_ST","Employment all status, all activities ","TT","All persons","A","Annual","1972","1972","PER","Persons","3","Thousands",,,20570,,
"FRA","France","YS99TTL1_ST","Employment all status, all activities ","TT","All persons","A","Annual","1973","1973","PER","Persons","3","Thousands",,,20871,,
"FRA","France","YS99TTL1_ST","Employment all status, all activities ","TT","All persons","A","Annual","1974","1974","PER","Persons","3","Thousands",,,21050,,
"FRA","France","YS99TTL1_ST","Employment all status, all activities ","TT","All persons","A","Annual","1975","1975","PER","Persons","3","Thousands",,,20869,,
"FRA","France","YS99TTL1_ST","Employment all status, all activities ","TT","All persons","A","Annual","1976","1976","PER","Persons","3","Thousands",,,21041,,
"FRA","France","YS99TTL1_ST","Employment all status, all activities ","TT","All persons","A","Annual","1977","1977","PER","Persons","3","Thousands",,,21235,,
"FRA","France","YS99TTL1_ST","Employment all status, all activities ","TT","All persons","A","Annual","1978","1978","PER","Persons","3","Thousands",,,21326,,
"FRA","France","YS99TTL1_ST","Employment all status, all activities ","TT","All persons","A","Annual","1979","1979","PER","Persons","3","Thousands",,,21392,,
"FRA","France","YS99TTL1_ST","Employment all status, all activities ","TT","All persons","A","Annual","1980","1980","PER","Persons","3","Thousands",,,21443,,
"FRA","France","YS99TTL1_ST","Employment all status, all activities ","TT","All persons","A","Annual","1981","1981","PER","Persons","3","Thousands",,,21345,"B","Break"
"FRA","France","YS99TTL1_ST","Employment all status, all activities ","TT","All persons","A","Annual","1982","1982","PER","Persons","3","Thousands",,,21390,,
"FRA","France","YS99TTL1_ST","Employment all status, all activities ","TT","All persons","A","Annual","1983","1983","PER","Persons","3","Thousands",,,21378,,
"FRA","France","YS99TTL1_ST","Employment all status, all activities ","TT","All persons","A","Annual","1984","1984","PER","Persons","3","Thousands",,,21199,,
"FRA","France","YS99TTL1_ST","Employment all status, all activities ","TT","All persons","A","Annual","1985","1985","PER","Persons","3","Thousands",,,21128.09,,
"FRA","France","YS99TTL1_ST","Employment all status, all activities ","TT","All persons","A","Annual","1986","1986","PER","Persons","3","Thousands",,,21243.58,,
"FRA","France","YS99TTL1_ST","Employment all status, all activities ","TT","All persons","A","Annual","1987","1987","PER","Persons","3","Thousands",,,21320.53,,
"FRA","France","YS99TTL1_ST","Employment all status, all activities ","TT","All persons","A","Annual","1988","1988","PER","Persons","3","Thousands",,,21521.38,,
"FRA","France","YS99TTL1_ST","Employment all status, all activities ","TT","All persons","A","Annual","1989","1989","PER","Persons","3","Thousands",,,21842,,
"FRA","France","YS99TTL1_ST","Employment all status, all activities ","TT","All persons","A","Annual","1990","1990","PER","Persons","3","Thousands",,,23064.46,,
"FRA","France","YS99TTL1_ST","Employment all status, all activities ","TT","All persons","A","Annual","1991","1991","PER","Persons","3","Thousands",,,23089.35,,
"FRA","France","YS99TTL1_ST","Employment all status, all activities ","TT","All persons","A","Annual","1992","1992","PER","Persons","3","Thousands",,,22984.29,,
"FRA","France","YS99TTL1_ST","Employment all status, all activities ","TT","All persons","A","Annual","1993","1993","PER","Persons","3","Thousands",,,22683.2,,
"FRA","France","YS99TTL1_ST","Employment all status, all activities ","TT","All persons","A","Annual","1994","1994","PER","Persons","3","Thousands",,,22713.89,,
"FRA","France","YS99TTL1_ST","Employment all status, all activities ","TT","All persons","A","Annual","1995","1995","PER","Persons","3","Thousands",,,22914.76,,
"FRA","France","YS99TTL1_ST","Employment all status, all activities ","TT","All persons","A","Annual","1996","1996","PER","Persons","3","Thousands",,,22973.49,,
"FRA","France","YS99TTL1_ST","Employment all status, all activities ","TT","All persons","A","Annual","1997","1997","PER","Persons","3","Thousands",,,23104.05,,
"FRA","France","YS99TTL1_ST","Employment all status, all activities ","TT","All persons","A","Annual","1998","1998","PER","Persons","3","Thousands",,,23520.51,,
"FRA","France","YS99TTL1_ST","Employment all status, all activities ","TT","All persons","A","Annual","1999","1999","PER","Persons","3","Thousands",,,24005.29,,
"FRA","France","YS99TTL1_ST","Employment all status, all activities ","TT","All persons","A","Annual","2000","2000","PER","Persons","3","Thousands",,,24628.81,,
"FRA","France","YS99TTL1_ST","Employment all status, all activities ","TT","All persons","A","Annual","2001","2001","PER","Persons","3","Thousands",,,25098.8,,
"FRA","France","YS99TTL1_ST","Employment all status, all activities ","TT","All persons","A","Annual","2002","2002","PER","Persons","3","Thousands",,,25290.03,"B","Break"
"FRA","France","YS99TTL1_ST","Employment all status, all activities ","TT","All persons","A","Annual","2003","2003","PER","Persons","3","Thousands",,,24704.82,,
"FRA","France","YS99TTL1_ST","Employment all status, all activities ","TT","All persons","A","Annual","2004","2004","PER","Persons","3","Thousands",,,24808.03,"B","Break"
"FRA","France","YS99TTL1_ST","Employment all status, all activities ","TT","All persons","A","Annual","2005","2005","PER","Persons","3","Thousands",,,24984.18,,
"FRA","France","YS99TTL1_ST","Employment all status, all activities ","TT","All persons","A","Annual","2006","2006","PER","Persons","3","Thousands",,,25150.15,,
"FRA","France","YS99TTL1_ST","Employment all status, all activities ","TT","All persons","A","Annual","2007","2007","PER","Persons","3","Thousands",,,25586.68,,
"FRA","France","YS99TTL1_ST","Employment all status, all activities ","TT","All persons","A","Annual","2008","2008","PER","Persons","3","Thousands",,,25926.43,,
"FRA","France","YS99TTL1_ST","Employment all status, all activities ","TT","All persons","A","Annual","2009","2009","PER","Persons","3","Thousands",,,25674.38,,
"FRA","France","YS99TTL1_ST","Employment all status, all activities ","TT","All persons","A","Annual","2010","2010","PER","Persons","3","Thousands",,,25730.85,,
"FRA","France","YS99TTL1_ST","Employment all status, all activities ","TT","All persons","A","Annual","2011","2011","PER","Persons","3","Thousands",,,25759.3,,
"FRA","France","YS99TTL1_ST","Employment all status, all activities ","TT","All persons","A","Annual","2012","2012","PER","Persons","3","Thousands",,,25804.47,,
"FRA","France","YS99TTL1_ST","Employment all status, all activities ","TT","All persons","A","Annual","2013","2013","PER","Persons","3","Thousands",,,25785.3,"B","Break"
"FRA","France","YS99TTL1_ST","Employment all status, all activities ","TT","All persons","A","Annual","2014","2014","PER","Persons","3","Thousands",,,26376.47,,
"FRA","France","YS99TTL1_ST","Employment all status, all activities ","TT","All persons","A","Annual","2015","2015","PER","Persons","3","Thousands",,,26442.2,,
"FRA","France","YS99TTL1_ST","Employment all status, all activities ","TT","All persons","A","Annual","2016","2016","PER","Persons","3","Thousands",,,26580.2,,
"FRA","France","YS99TTL1_ST","Employment all status, all activities ","TT","All persons","A","Annual","2017","2017","PER","Persons","3","Thousands",,,26803.13,,
"FRA","France","YS99TTL1_ST","Employment all status, all activities ","TT","All persons","A","Annual","2018","2018","PER","Persons","3","Thousands",,,27022.07,,
"FRA","France","YS99TTL1_ST","Employment all status, all activities ","TT","All persons","A","Annual","2019","2019","PER","Persons","3","Thousands",,,27132.7,,
"FRA","France","YS99TTL1_ST","Employment all status, all activities ","TT","All persons","A","Annual","2020","2020","PER","Persons","3","Thousands",,,26995.32,,
"DEU","Germany","YS99TTL1_ST","Employment all status, all activities ","TT","All persons","A","Annual","1970","1970","PER","Persons","3","Thousands",,,33856.92,"E","Estimated value"
"DEU","Germany","YS99TTL1_ST","Employment all status, all activities ","TT","All persons","A","Annual","1971","1971","PER","Persons","3","Thousands",,,34049.05,"E","Estimated value"
"DEU","Germany","YS99TTL1_ST","Employment all status, all activities ","TT","All persons","A","Annual","1972","1972","PER","Persons","3","Thousands",,,33915.79,"E","Estimated value"
"DEU","Germany","YS99TTL1_ST","Employment all status, all activities ","TT","All persons","A","Annual","1973","1973","PER","Persons","3","Thousands",,,34170.67,"E","Estimated value"
"DEU","Germany","YS99TTL1_ST","Employment all status, all activities ","TT","All persons","A","Annual","1974","1974","PER","Persons","3","Thousands",,,33688.08,"E","Estimated value"
"DEU","Germany","YS99TTL1_ST","Employment all status, all activities ","TT","All persons","A","Annual","1975","1975","PER","Persons","3","Thousands",,,32713.85,"E","Estimated value"
"DEU","Germany","YS99TTL1_ST","Employment all status, all activities ","TT","All persons","A","Annual","1976","1976","PER","Persons","3","Thousands",,,32421.45,"E","Estimated value"
"DEU","Germany","YS99TTL1_ST","Employment all status, all activities ","TT","All persons","A","Annual","1977","1977","PER","Persons","3","Thousands",,,32363.22,"E","Estimated value"
"DEU","Germany","YS99TTL1_ST","Employment all status, all activities ","TT","All persons","A","Annual","1978","1978","PER","Persons","3","Thousands",,,32563.77,"E","Estimated value"
"DEU","Germany","YS99TTL1_ST","Employment all status, all activities ","TT","All persons","A","Annual","1979","1979","PER","Persons","3","Thousands",,,33001.07,"E","Estimated value"
"DEU","Germany","YS99TTL1_ST","Employment all status, all activities ","TT","All persons","A","Annual","1980","1980","PER","Persons","3","Thousands",,,33342.64,"E","Estimated value"
"DEU","Germany","YS99TTL1_ST","Employment all status, all activities ","TT","All persons","A","Annual","1981","1981","PER","Persons","3","Thousands",,,33077.41,"E","Estimated value"
"DEU","Germany","YS99TTL1_ST","Employment all status, all activities ","TT","All persons","A","Annual","1982","1982","PER","Persons","3","Thousands",,,32538.54,"E","Estimated value"
"DEU","Germany","YS99TTL1_ST","Employment all status, all activities ","TT","All persons","A","Annual","1983","1983","PER","Persons","3","Thousands",,,32077.29,"E","Estimated value"
"DEU","Germany","YS99TTL1_ST","Employment all status, all activities ","TT","All persons","A","Annual","1984","1984","PER","Persons","3","Thousands",,,32136.49,"E","Estimated value"
"DEU","Germany","YS99TTL1_ST","Employment all status, all activities ","TT","All persons","A","Annual","1985","1985","PER","Persons","3","Thousands",,,32358.05,"E","Estimated value"
"DEU","Germany","YS99TTL1_ST","Employment all status, all activities ","TT","All persons","A","Annual","1986","1986","PER","Persons","3","Thousands",,,32702.53,"E","Estimated value"
"DEU","Germany","YS99TTL1_ST","Employment all status, all activities ","TT","All persons","A","Annual","1987","1987","PER","Persons","3","Thousands",,,32960.64,"E","Estimated value"
"DEU","Germany","YS99TTL1_ST","Employment all status, all activities ","TT","All persons","A","Annual","1988","1988","PER","Persons","3","Thousands",,,34636.76,"E","Estimated value"
"DEU","Germany","YS99TTL1_ST","Employment all status, all activities ","TT","All persons","A","Annual","1989","1989","PER","Persons","3","Thousands",,,35030.4,"E","Estimated value"
"DEU","Germany","YS99TTL1_ST","Employment all status, all activities ","TT","All persons","A","Annual","1990","1990","PER","Persons","3","Thousands",,,37217.9,"E","Estimated value"
"DEU","Germany","YS99TTL1_ST","Employment all status, all activities ","TT","All persons","A","Annual","1991","1991","PER","Persons","3","Thousands",,,36870.75,,
"DEU","Germany","YS99TTL1_ST","Employment all status, all activities ","TT","All persons","A","Annual","1992","1992","PER","Persons","3","Thousands",,,36389.75,,
"DEU","Germany","YS99TTL1_ST","Employment all status, all activities ","TT","All persons","A","Annual","1993","1993","PER","Persons","3","Thousands",,,35988.5,,
"DEU","Germany","YS99TTL1_ST","Employment all status, all activities ","TT","All persons","A","Annual","1994","1994","PER","Persons","3","Thousands",,,35756,,
"DEU","Germany","YS99TTL1_ST","Employment all status, all activities ","TT","All persons","A","Annual","1995","1995","PER","Persons","3","Thousands",,,35780,,
"DEU","Germany","YS99TTL1_ST","Employment all status, all activities ","TT","All persons","A","Annual","1996","1996","PER","Persons","3","Thousands",,,35636.75,,
"DEU","Germany","YS99TTL1_ST","Employment all status, all activities ","TT","All persons","A","Annual","1997","1997","PER","Persons","3","Thousands",,,35508,,
"DEU","Germany","YS99TTL1_ST","Employment all status, all activities ","TT","All persons","A","Annual","1998","1998","PER","Persons","3","Thousands",,,36061.25,"B","Break"
"DEU","Germany","YS99TTL1_ST","Employment all status, all activities ","TT","All persons","A","Annual","1999","1999","PER","Persons","3","Thousands",,,36042.38,,
"DEU","Germany","YS99TTL1_ST","Employment all status, all activities ","TT","All persons","A","Annual","2000","2000","PER","Persons","3","Thousands",,,36235.5,,
"DEU","Germany","YS99TTL1_ST","Employment all status, all activities ","TT","All persons","A","Annual","2001","2001","PER","Persons","3","Thousands",,,36346.18,,
"DEU","Germany","YS99TTL1_ST","Employment all status, all activities ","TT","All persons","A","Annual","2002","2002","PER","Persons","3","Thousands",,,36061.38,,
"DEU","Germany","YS99TTL1_ST","Employment all status, all activities ","TT","All persons","A","Annual","2003","2003","PER","Persons","3","Thousands",,,35753.58,,
"DEU","Germany","YS99TTL1_ST","Employment all status, all activities ","TT","All persons","A","Annual","2004","2004","PER","Persons","3","Thousands",,,35875.68,"B","Break"
"DEU","Germany","YS99TTL1_ST","Employment all status, all activities ","TT","All persons","A","Annual","2005","2005","PER","Persons","3","Thousands",,,36361.63,,
"DEU","Germany","YS99TTL1_ST","Employment all status, all activities ","TT","All persons","A","Annual","2006","2006","PER","Persons","3","Thousands",,,37172.3,,
"DEU","Germany","YS99TTL1_ST","Employment all status, all activities ","TT","All persons","A","Annual","2007","2007","PER","Persons","3","Thousands",,,37988.65,,
"DEU","Germany","YS99TTL1_ST","Employment all status, all activities ","TT","All persons","A","Annual","2008","2008","PER","Persons","3","Thousands",,,38541.48,,
"DEU","Germany","YS99TTL1_ST","Employment all status, all activities ","TT","All persons","A","Annual","2009","2009","PER","Persons","3","Thousands",,,38471.1,"B","Break"
"DEU","Germany","YS99TTL1_ST","Employment all status, all activities ","TT","All persons","A","Annual","2010","2010","PER","Persons","3","Thousands",,,37993.38,"B","Break"
"DEU","Germany","YS99TTL1_ST","Employment all status, all activities ","TT","All persons","A","Annual","2011","2011","PER","Persons","3","Thousands",,,38787.18,,
"DEU","Germany","YS99TTL1_ST","Employment all status, all activities ","TT","All persons","A","Annual","2012","2012","PER","Persons","3","Thousands",,,39126.48,,
"DEU","Germany","YS99TTL1_ST","Employment all status, all activities ","TT","All persons","A","Annual","2013","2013","PER","Persons","3","Thousands",,,39531.35,,
"DEU","Germany","YS99TTL1_ST","Employment all status, all activities ","TT","All persons","A","Annual","2014","2014","PER","Persons","3","Thousands",,,39871.32,,
"DEU","Germany","YS99TTL1_ST","Employment all status, all activities ","TT","All persons","A","Annual","2015","2015","PER","Persons","3","Thousands",,,40210.9,,
"DEU","Germany","YS99TTL1_ST","Employment all status, all activities ","TT","All persons","A","Annual","2016","2016","PER","Persons","3","Thousands",,,41267.3,,
"DEU","Germany","YS99TTL1_ST","Employment all status, all activities ","TT","All persons","A","Annual","2017","2017","PER","Persons","3","Thousands",,,41663.57,,
"DEU","Germany","YS99TTL1_ST","Employment all status, all activities ","TT","All persons","A","Annual","2018","2018","PER","Persons","3","Thousands",,,41914.52,,
"DEU","Germany","YS99TTL1_ST","Employment all status, all activities ","TT","All persons","A","Annual","2019","2019","PER","Persons","3","Thousands",,,42400.1,"B","Break"
"ISL","Iceland","YS99TTL1_ST","Employment all status, all activities ","TT","All persons","A","Annual","1970","1970","PER","Persons","3","Thousands",,,81.5,,
"ISL","Iceland","YS99TTL1_ST","Employment all status, all activities ","TT","All persons","A","Annual","1971","1971","PER","Persons","3","Thousands",,,85.6,,
"ISL","Iceland","YS99TTL1_ST","Employment all status, all activities ","TT","All persons","A","Annual","1972","1972","PER","Persons","3","Thousands",,,87.8,,
"ISL","Iceland","YS99TTL1_ST","Employment all status, all activities ","TT","All persons","A","Annual","1973","1973","PER","Persons","3","Thousands",,,90.2,,
"ISL","Iceland","YS99TTL1_ST","Employment all status, all activities ","TT","All persons","A","Annual","1974","1974","PER","Persons","3","Thousands",,,93.3,,
"ISL","Iceland","YS99TTL1_ST","Employment all status, all activities ","TT","All persons","A","Annual","1975","1975","PER","Persons","3","Thousands",,,94.9,,
"ISL","Iceland","YS99TTL1_ST","Employment all status, all activities ","TT","All persons","A","Annual","1976","1976","PER","Persons","3","Thousands",,,98.3,,
"ISL","Iceland","YS99TTL1_ST","Employment all status, all activities ","TT","All persons","A","Annual","1977","1977","PER","Persons","3","Thousands",,,98.6,,
"ISL","Iceland","YS99TTL1_ST","Employment all status, all activities ","TT","All persons","A","Annual","1978","1978","PER","Persons","3","Thousands",,,101.5,,
"ISL","Iceland","YS99TTL1_ST","Employment all status, all activities ","TT","All persons","A","Annual","1979","1979","PER","Persons","3","Thousands",,,102.5,,
"ISL","Iceland","YS99TTL1_ST","Employment all status, all activities ","TT","All persons","A","Annual","1980","1980","PER","Persons","3","Thousands",,,105.9,,
"ISL","Iceland","YS99TTL1_ST","Employment all status, all activities ","TT","All persons","A","Annual","1981","1981","PER","Persons","3","Thousands",,,111,,
"ISL","Iceland","YS99TTL1_ST","Employment all status, all activities ","TT","All persons","A","Annual","1982","1982","PER","Persons","3","Thousands",,,113.9,,
"ISL","Iceland","YS99TTL1_ST","Employment all status, all activities ","TT","All persons","A","Annual","1983","1983","PER","Persons","3","Thousands",,,114.9,,
"ISL","Iceland","YS99TTL1_ST","Employment all status, all activities ","TT","All persons","A","Annual","1984","1984","PER","Persons","3","Thousands",,,116.6,,
"ISL","Iceland","YS99TTL1_ST","Employment all status, all activities ","TT","All persons","A","Annual","1985","1985","PER","Persons","3","Thousands",,,120.8,,
"ISL","Iceland","YS99TTL1_ST","Employment all status, all activities ","TT","All persons","A","Annual","1986","1986","PER","Persons","3","Thousands",,,124.5,,
"ISL","Iceland","YS99TTL1_ST","Employment all status, all activities ","TT","All persons","A","Annual","1987","1987","PER","Persons","3","Thousands",,,131.7,,
"ISL","Iceland","YS99TTL1_ST","Employment all status, all activities ","TT","All persons","A","Annual","1988","1988","PER","Persons","3","Thousands",,,128,,
"ISL","Iceland","YS99TTL1_ST","Employment all status, all activities ","TT","All persons","A","Annual","1989","1989","PER","Persons","3","Thousands",,,125.9,,
"ISL","Iceland","YS99TTL1_ST","Employment all status, all activities ","TT","All persons","A","Annual","1990","1990","PER","Persons","3","Thousands",,,126,"B","Break"
"ISL","Iceland","YS99TTL1_ST","Employment all status, all activities ","TT","All persons","A","Annual","1991","1991","PER","Persons","3","Thousands",,,136.9,,
"ISL","Iceland","YS99TTL1_ST","Employment all status, all activities ","TT","All persons","A","Annual","1992","1992","PER","Persons","3","Thousands",,,136.9,,
"ISL","Iceland","YS99TTL1_ST","Employment all status, all activities ","TT","All persons","A","Annual","1993","1993","PER","Persons","3","Thousands",,,136.6,,
"ISL","Iceland","YS99TTL1_ST","Employment all status, all activities ","TT","All persons","A","Annual","1994","1994","PER","Persons","3","Thousands",,,137.7,,
"ISL","Iceland","YS99TTL1_ST","Employment all status, all activities ","TT","All persons","A","Annual","1995","1995","PER","Persons","3","Thousands",,,142,,
"ISL","Iceland","YS99TTL1_ST","Employment all status, all activities ","TT","All persons","A","Annual","1996","1996","PER","Persons","3","Thousands",,,142.036,,
"ISL","Iceland","YS99TTL1_ST","Employment all status, all activities ","TT","All persons","A","Annual","1997","1997","PER","Persons","3","Thousands",,,142.035,,
"ISL","Iceland","YS99TTL1_ST","Employment all status, all activities ","TT","All persons","A","Annual","1998","1998","PER","Persons","3","Thousands",,,147.917,,
"ISL","Iceland","YS99TTL1_ST","Employment all status, all activities ","TT","All persons","A","Annual","1999","1999","PER","Persons","3","Thousands",,,153.347,,
"ISL","Iceland","YS99TTL1_ST","Employment all status, all activities ","TT","All persons","A","Annual","2000","2000","PER","Persons","3","Thousands",,,156.364,,
"ISL","Iceland","YS99TTL1_ST","Employment all status, all activities ","TT","All persons","A","Annual","2001","2001","PER","Persons","3","Thousands",,,159.044,,
"ISL","Iceland","YS99TTL1_ST","Employment all status, all activities ","TT","All persons","A","Annual","2002","2002","PER","Persons","3","Thousands",,,156.727,"B","Break"
"ISL","Iceland","YS99TTL1_ST","Employment all status, all activities ","TT","All persons","A","Annual","2003","2003","PER","Persons","3","Thousands",,,155,,
"ISL","Iceland","YS99TTL1_ST","Employment all status, all activities ","TT","All persons","A","Annual","2004","2004","PER","Persons","3","Thousands",,,154.925,,
"ISL","Iceland","YS99TTL1_ST","Employment all status, all activities ","TT","All persons","A","Annual","2005","2005","PER","Persons","3","Thousands",,,159.85,,
"ISL","Iceland","YS99TTL1_ST","Employment all status, all activities ","TT","All persons","A","Annual","2006","2006","PER","Persons","3","Thousands",,,167.825,,
"ISL","Iceland","YS99TTL1_ST","Employment all status, all activities ","TT","All persons","A","Annual","2007","2007","PER","Persons","3","Thousands",,,175.525,"B","Break"
"ISL","Iceland","YS99TTL1_ST","Employment all status, all activities ","TT","All persons","A","Annual","2008","2008","PER","Persons","3","Thousands",,,177.05,,
"ISL","Iceland","YS99TTL1_ST","Employment all status, all activities ","TT","All persons","A","Annual","2009","2009","PER","Persons","3","Thousands",,,166.225,,
"ISL","Iceland","YS99TTL1_ST","Employment all status, all activities ","TT","All persons","A","Annual","2010","2010","PER","Persons","3","Thousands",,,165.75,,
"ISL","Iceland","YS99TTL1_ST","Employment all status, all activities ","TT","All persons","A","Annual","2011","2011","PER","Persons","3","Thousands",,,165.975,,
"ISL","Iceland","YS99TTL1_ST","Employment all status, all activities ","TT","All persons","A","Annual","2012","2012","PER","Persons","3","Thousands",,,167.9,,
"ISL","Iceland","YS99TTL1_ST","Employment all status, all activities ","TT","All persons","A","Annual","2013","2013","PER","Persons","3","Thousands",,,173.225,,
"ISL","Iceland","YS99TTL1_ST","Employment all status, all activities ","TT","All persons","A","Annual","2014","2014","PER","Persons","3","Thousands",,,177.625,,
"ISL","Iceland","YS99TTL1_ST","Employment all status, all activities ","TT","All persons","A","Annual","2015","2015","PER","Persons","3","Thousands",,,183.65,,
"ISL","Iceland","YS99TTL1_ST","Employment all status, all activities ","TT","All persons","A","Annual","2016","2016","PER","Persons","3","Thousands",,,190.475,,
"ISL","Iceland","YS99TTL1_ST","Employment all status, all activities ","TT","All persons","A","Annual","2017","2017","PER","Persons","3","Thousands",,,193.9,,
"ISL","Iceland","YS99TTL1_ST","Employment all status, all activities ","TT","All persons","A","Annual","2018","2018","PER","Persons","3","Thousands",,,198.325,,
"ISL","Iceland","YS99TTL1_ST","Employment all status, all activities ","TT","All persons","A","Annual","2019","2019","PER","Persons","3","Thousands",,,201.025,,
"ISL","Iceland","YS99TTL1_ST","Employment all status, all activities ","TT","All persons","A","Annual","2020","2020","PER","Persons","3","Thousands",,,194.525,"B","Break"
"ITA","Italy","YS99TTL1_ST","Employment all status, all activities ","TT","All persons","A","Annual","1970","1970","PER","Persons","3","Thousands",,,19218,,
"ITA","Italy","YS99TTL1_ST","Employment all status, all activities ","TT","All persons","A","Annual","1971","1971","PER","Persons","3","Thousands",,,19176,,
"ITA","Italy","YS99TTL1_ST","Employment all status, all activities ","TT","All persons","A","Annual","1972","1972","PER","Persons","3","Thousands",,,18850,,
"ITA","Italy","YS99TTL1_ST","Employment all status, all activities ","TT","All persons","A","Annual","1973","1973","PER","Persons","3","Thousands",,,19006,,
"ITA","Italy","YS99TTL1_ST","Employment all status, all activities ","TT","All persons","A","Annual","1974","1974","PER","Persons","3","Thousands",,,19392,,
"ITA","Italy","YS99TTL1_ST","Employment all status, all activities ","TT","All persons","A","Annual","1975","1975","PER","Persons","3","Thousands",,,19491,,
"ITA","Italy","YS99TTL1_ST","Employment all status, all activities ","TT","All persons","A","Annual","1976","1976","PER","Persons","3","Thousands",,,19612,,
"ITA","Italy","YS99TTL1_ST","Employment all status, all activities ","TT","All persons","A","Annual","1977","1977","PER","Persons","3","Thousands",,,19791,,
"ITA","Italy","YS99TTL1_ST","Employment all status, all activities ","TT","All persons","A","Annual","1978","1978","PER","Persons","3","Thousands",,,19863,,
"ITA","Italy","YS99TTL1_ST","Employment all status, all activities ","TT","All persons","A","Annual","1979","1979","PER","Persons","3","Thousands",,,20057,,
"ITA","Italy","YS99TTL1_ST","Employment all status, all activities ","TT","All persons","A","Annual","1980","1980","PER","Persons","3","Thousands",,,20313,,
"ITA","Italy","YS99TTL1_ST","Employment all status, all activities ","TT","All persons","A","Annual","1981","1981","PER","Persons","3","Thousands",,,20361,,
"ITA","Italy","YS99TTL1_ST","Employment all status, all activities ","TT","All persons","A","Annual","1982","1982","PER","Persons","3","Thousands",,,20297,,
"ITA","Italy","YS99TTL1_ST","Employment all status, all activities ","TT","All persons","A","Annual","1983","1983","PER","Persons","3","Thousands",,,20350,,
"ITA","Italy","YS99TTL1_ST","Employment all status, all activities ","TT","All persons","A","Annual","1984","1984","PER","Persons","3","Thousands",,,20418,,
"ITA","Italy","YS99TTL1_ST","Employment all status, all activities ","TT","All persons","A","Annual","1985","1985","PER","Persons","3","Thousands",,,20508,,
"ITA","Italy","YS99TTL1_ST","Employment all status, all activities ","TT","All persons","A","Annual","1986","1986","PER","Persons","3","Thousands",,,20614,,
"ITA","Italy","YS99TTL1_ST","Employment all status, all activities ","TT","All persons","A","Annual","1987","1987","PER","Persons","3","Thousands",,,20584,,
"ITA","Italy","YS99TTL1_ST","Employment all status, all activities ","TT","All persons","A","Annual","1988","1988","PER","Persons","3","Thousands",,,20818,,
"ITA","Italy","YS99TTL1_ST","Employment all status, all activities ","TT","All persons","A","Annual","1989","1989","PER","Persons","3","Thousands",,,20833,,
"ITA","Italy","YS99TTL1_ST","Employment all status, all activities ","TT","All persons","A","Annual","1990","1990","PER","Persons","3","Thousands",,,21215,,
"ITA","Italy","YS99TTL1_ST","Employment all status, all activities ","TT","All persons","A","Annual","1991","1991","PER","Persons","3","Thousands",,,21410,,
"ITA","Italy","YS99TTL1_ST","Employment all status, all activities ","TT","All persons","A","Annual","1992","1992","PER","Persons","3","Thousands",,,21270,"B","Break"
"ITA","Italy","YS99TTL1_ST","Employment all status, all activities ","TT","All persons","A","Annual","1993","1993","PER","Persons","3","Thousands",,,20305.2,,
"ITA","Italy","YS99TTL1_ST","Employment all status, all activities ","TT","All persons","A","Annual","1994","1994","PER","Persons","3","Thousands",,,19972.18,,
"ITA","Italy","YS99TTL1_ST","Employment all status, all activities ","TT","All persons","A","Annual","1995","1995","PER","Persons","3","Thousands",,,19851.25,,
"ITA","Italy","YS99TTL1_ST","Employment all status, all activities ","TT","All persons","A","Annual","1996","1996","PER","Persons","3","Thousands",,,19950.72,,
"ITA","Italy","YS99TTL1_ST","Employment all status, all activities ","TT","All persons","A","Annual","1997","1997","PER","Persons","3","Thousands",,,20027.45,"B","Break"
"ITA","Italy","YS99TTL1_ST","Employment all status, all activities ","TT","All persons","A","Annual","1998","1998","PER","Persons","3","Thousands",,,20435.2,,
"ITA","Italy","YS99TTL1_ST","Employment all status, all activities ","TT","All persons","A","Annual","1999","1999","PER","Persons","3","Thousands",,,20691.6,,
"ITA","Italy","YS99TTL1_ST","Employment all status, all activities ","TT","All persons","A","Annual","2000","2000","PER","Persons","3","Thousands",,,21079.78,,
"ITA","Italy","YS99TTL1_ST","Employment all status, all activities ","TT","All persons","A","Annual","2001","2001","PER","Persons","3","Thousands",,,21514.43,,
"ITA","Italy","YS99TTL1_ST","Employment all status, all activities ","TT","All persons","A","Annual","2002","2002","PER","Persons","3","Thousands",,,21829.28,,
"ITA","Italy","YS99TTL1_ST","Employment all status, all activities ","TT","All persons","A","Annual","2003","2003","PER","Persons","3","Thousands",,,22054.25,"B","Break"
"ITA","Italy","YS99TTL1_ST","Employment all status, all activities ","TT","All persons","A","Annual","2004","2004","PER","Persons","3","Thousands",,,22362.68,"B","Break"
"ITA","Italy","YS99TTL1_ST","Employment all status, all activities ","TT","All persons","A","Annual","2005","2005","PER","Persons","3","Thousands",,,22407.03,,
"ITA","Italy","YS99TTL1_ST","Employment all status, all activities ","TT","All persons","A","Annual","2006","2006","PER","Persons","3","Thousands",,,22757.6,,
"ITA","Italy","YS99TTL1_ST","Employment all status, all activities ","TT","All persons","A","Annual","2007","2007","PER","Persons","3","Thousands",,,22894.43,,
"ITA","Italy","YS99TTL1_ST","Employment all status, all activities ","TT","All persons","A","Annual","2008","2008","PER","Persons","3","Thousands",,,23090.35,,
"ITA","Italy","YS99TTL1_ST","Employment all status, all activities ","TT","All persons","A","Annual","2009","2009","PER","Persons","3","Thousands",,,22698.72,,
"ITA","Italy","YS99TTL1_ST","Employment all status, all activities ","TT","All persons","A","Annual","2010","2010","PER","Persons","3","Thousands",,,22526.85,,
"ITA","Italy","YS99TTL1_ST","Employment all status, all activities ","TT","All persons","A","Annual","2011","2011","PER","Persons","3","Thousands",,,22598.22,,
"ITA","Italy","YS99TTL1_ST","Employment all status, all activities ","TT","All persons","A","Annual","2012","2012","PER","Persons","3","Thousands",,,22565.95,,
"ITA","Italy","YS99TTL1_ST","Employment all status, all activities ","TT","All persons","A","Annual","2013","2013","PER","Persons","3","Thousands",,,22190.53,,
"ITA","Italy","YS99TTL1_ST","Employment all status, all activities ","TT","All persons","A","Annual","2014","2014","PER","Persons","3","Thousands",,,22278.93,,
"ITA","Italy","YS99TTL1_ST","Employment all status, all activities ","TT","All persons","A","Annual","2015","2015","PER","Persons","3","Thousands",,,22464.75,,
"ITA","Italy","YS99TTL1_ST","Employment all status, all activities ","TT","All persons","A","Annual","2016","2016","PER","Persons","3","Thousands",,,22757.85,,
"ITA","Italy","YS99TTL1_ST","Employment all status, all activities ","TT","All persons","A","Annual","2017","2017","PER","Persons","3","Thousands",,,23022.95,,
"ITA","Italy","YS99TTL1_ST","Employment all status, all activities ","TT","All persons","A","Annual","2018","2018","PER","Persons","3","Thousands",,,23214.95,,
"ITA","Italy","YS99TTL1_ST","Employment all status, all activities ","TT","All persons","A","Annual","2019","2019","PER","Persons","3","Thousands",,,23359.88,,
"ITA","Italy","YS99TTL1_ST","Employment all status, all activities ","TT","All persons","A","Annual","2020","2020","PER","Persons","3","Thousands",,,22903.78,,
"JPN","Japan","YS99TTL1_ST","Employment all status, all activities ","TT","All persons","A","Annual","1970","1970","PER","Persons","3","Thousands",,,50940,,
"JPN","Japan","YS99TTL1_ST","Employment all status, all activities ","TT","All persons","A","Annual","1971","1971","PER","Persons","3","Thousands",,,51210,,
"JPN","Japan","YS99TTL1_ST","Employment all status, all activities ","TT","All persons","A","Annual","1972","1972","PER","Persons","3","Thousands",,,51260,,
"JPN","Japan","YS99TTL1_ST","Employment all status, all activities ","TT","All persons","A","Annual","1973","1973","PER","Persons","3","Thousands",,,52590,,
"JPN","Japan","YS99TTL1_ST","Employment all status, all activities ","TT","All persons","A","Annual","1974","1974","PER","Persons","3","Thousands",,,52370,,
"JPN","Japan","YS99TTL1_ST","Employment all status, all activities ","TT","All persons","A","Annual","1975","1975","PER","Persons","3","Thousands",,,52230,,
"JPN","Japan","YS99TTL1_ST","Employment all status, all activities ","TT","All persons","A","Annual","1976","1976","PER","Persons","3","Thousands",,,52710,,
"JPN","Japan","YS99TTL1_ST","Employment all status, all activities ","TT","All persons","A","Annual","1977","1977","PER","Persons","3","Thousands",,,53420,,
"JPN","Japan","YS99TTL1_ST","Employment all status, all activities ","TT","All persons","A","Annual","1978","1978","PER","Persons","3","Thousands",,,54080,,
"JPN","Japan","YS99TTL1_ST","Employment all status, all activities ","TT","All persons","A","Annual","1979","1979","PER","Persons","3","Thousands",,,54790,,
"JPN","Japan","YS99TTL1_ST","Employment all status, all activities ","TT","All persons","A","Annual","1980","1980","PER","Persons","3","Thousands",,,55360,,
"JPN","Japan","YS99TTL1_ST","Employment all status, all activities ","TT","All persons","A","Annual","1981","1981","PER","Persons","3","Thousands",,,55810,,
"JPN","Japan","YS99TTL1_ST","Employment all status, all activities ","TT","All persons","A","Annual","1982","1982","PER","Persons","3","Thousands",,,56380,,
"JPN","Japan","YS99TTL1_ST","Employment all status, all activities ","TT","All persons","A","Annual","1983","1983","PER","Persons","3","Thousands",,,57330,,
"JPN","Japan","YS99TTL1_ST","Employment all status, all activities ","TT","All persons","A","Annual","1984","1984","PER","Persons","3","Thousands",,,57660,,
"JPN","Japan","YS99TTL1_ST","Employment all status, all activities ","TT","All persons","A","Annual","1985","1985","PER","Persons","3","Thousands",,,58070,,
"JPN","Japan","YS99TTL1_ST","Employment all status, all activities ","TT","All persons","A","Annual","1986","1986","PER","Persons","3","Thousands",,,58530,,
"JPN","Japan","YS99TTL1_ST","Employment all status, all activities ","TT","All persons","A","Annual","1987","1987","PER","Persons","3","Thousands",,,59110,,
"JPN","Japan","YS99TTL1_ST","Employment all status, all activities ","TT","All persons","A","Annual","1988","1988","PER","Persons","3","Thousands",,,60110,,
"JPN","Japan","YS99TTL1_ST","Employment all status, all activities ","TT","All persons","A","Annual","1989","1989","PER","Persons","3","Thousands",,,61280,,
"JPN","Japan","YS99TTL1_ST","Employment all status, all activities ","TT","All persons","A","Annual","1990","1990","PER","Persons","3","Thousands",,,62490,,
"JPN","Japan","YS99TTL1_ST","Employment all status, all activities ","TT","All persons","A","Annual","1991","1991","PER","Persons","3","Thousands",,,63690,,
"JPN","Japan","YS99TTL1_ST","Employment all status, all activities ","TT","All persons","A","Annual","1992","1992","PER","Persons","3","Thousands",,,64360,,
"JPN","Japan","YS99TTL1_ST","Employment all status, all activities ","TT","All persons","A","Annual","1993","1993","PER","Persons","3","Thousands",,,64500,,
"JPN","Japan","YS99TTL1_ST","Employment all status, all activities ","TT","All persons","A","Annual","1994","1994","PER","Persons","3","Thousands",,,64530,,
"JPN","Japan","YS99TTL1_ST","Employment all status, all activities ","TT","All persons","A","Annual","1995","1995","PER","Persons","3","Thousands",,,64570,,
"JPN","Japan","YS99TTL1_ST","Employment all status, all activities ","TT","All persons","A","Annual","1996","1996","PER","Persons","3","Thousands",,,64860,,
"JPN","Japan","YS99TTL1_ST","Employment all status, all activities ","TT","All persons","A","Annual","1997","1997","PER","Persons","3","Thousands",,,65570,,
"JPN","Japan","YS99TTL1_ST","Employment all status, all activities ","TT","All persons","A","Annual","1998","1998","PER","Persons","3","Thousands",,,65140,,
"JPN","Japan","YS99TTL1_ST","Employment all status, all activities ","TT","All persons","A","Annual","1999","1999","PER","Persons","3","Thousands",,,64620,,
"JPN","Japan","YS99TTL1_ST","Employment all status, all activities ","TT","All persons","A","Annual","2000","2000","PER","Persons","3","Thousands",,,64460,,
"JPN","Japan","YS99TTL1_ST","Employment all status, all activities ","TT","All persons","A","Annual","2001","2001","PER","Persons","3","Thousands",,,64120,,
"JPN","Japan","YS99TTL1_ST","Employment all status, all activities ","TT","All persons","A","Annual","2002","2002","PER","Persons","3","Thousands",,,63300,,
"JPN","Japan","YS99TTL1_ST","Employment all status, all activities ","TT","All persons","A","Annual","2003","2003","PER","Persons","3","Thousands",,,63160,,
"JPN","Japan","YS99TTL1_ST","Employment all status, all activities ","TT","All persons","A","Annual","2004","2004","PER","Persons","3","Thousands",,,63290,,
"JPN","Japan","YS99TTL1_ST","Employment all status, all activities ","TT","All persons","A","Annual","2005","2005","PER","Persons","3","Thousands",,,63560,,
"JPN","Japan","YS99TTL1_ST","Employment all status, all activities ","TT","All persons","A","Annual","2006","2006","PER","Persons","3","Thousands",,,63820,,
"JPN","Japan","YS99TTL1_ST","Employment all status, all activities ","TT","All persons","A","Annual","2007","2007","PER","Persons","3","Thousands",,,64120,,
"JPN","Japan","YS99TTL1_ST","Employment all status, all activities ","TT","All persons","A","Annual","2008","2008","PER","Persons","3","Thousands",,,63850,,
"JPN","Japan","YS99TTL1_ST","Employment all status, all activities ","TT","All persons","A","Annual","2009","2009","PER","Persons","3","Thousands",,,62820,,
"JPN","Japan","YS99TTL1_ST","Employment all status, all activities ","TT","All persons","A","Annual","2010","2010","PER","Persons","3","Thousands",,,62570,,
"JPN","Japan","YS99TTL1_ST","Employment all status, all activities ","TT","All persons","A","Annual","2011","2011","PER","Persons","3","Thousands",,,59770,,
"JPN","Japan","YS99TTL1_ST","Employment all status, all activities ","TT","All persons","A","Annual","2012","2012","PER","Persons","3","Thousands",,,62700,,
"JPN","Japan","YS99TTL1_ST","Employment all status, all activities ","TT","All persons","A","Annual","2013","2013","PER","Persons","3","Thousands",,,63110,,
"JPN","Japan","YS99TTL1_ST","Employment all status, all activities ","TT","All persons","A","Annual","2014","2014","PER","Persons","3","Thousands",,,63510,,
"JPN","Japan","YS99TTL1_ST","Employment all status, all activities ","TT","All persons","A","Annual","2015","2015","PER","Persons","3","Thousands",,,63760,,
"JPN","Japan","YS99TTL1_ST","Employment all status, all activities ","TT","All persons","A","Annual","2016","2016","PER","Persons","3","Thousands",,,64400,,
"JPN","Japan","YS99TTL1_ST","Employment all status, all activities ","TT","All persons","A","Annual","2017","2017","PER","Persons","3","Thousands",,,65300,,
"JPN","Japan","YS99TTL1_ST","Employment all status, all activities ","TT","All persons","A","Annual","2018","2018","PER","Persons","3","Thousands",,,66640,,
"JPN","Japan","YS99TTL1_ST","Employment all status, all activities ","TT","All persons","A","Annual","2019","2019","PER","Persons","3","Thousands",,,67240,,
"JPN","Japan","YS99TTL1_ST","Employment all status, all activities ","TT","All persons","A","Annual","2020","2020","PER","Persons","3","Thousands",,,66760,,
"CHE","Switzerland","YS99TTL1_ST","Employment all status, all activities ","TT","All persons","A","Annual","1998","1998","PER","Persons","3","Thousands",,,3833,,
"CHE","Switzerland","YS99TTL1_ST","Employment all status, all activities ","TT","All persons","A","Annual","1999","1999","PER","Persons","3","Thousands",,,3862,,
"CHE","Switzerland","YS99TTL1_ST","Employment all status, all activities ","TT","All persons","A","Annual","2000","2000","PER","Persons","3","Thousands",,,3878.8,,
"CHE","Switzerland","YS99TTL1_ST","Employment all status, all activities ","TT","All persons","A","Annual","2001","2001","PER","Persons","3","Thousands",,,3938.2,,
"CHE","Switzerland","YS99TTL1_ST","Employment all status, all activities ","TT","All persons","A","Annual","2002","2002","PER","Persons","3","Thousands",,,3964.9,,
"CHE","Switzerland","YS99TTL1_ST","Employment all status, all activities ","TT","All persons","A","Annual","2003","2003","PER","Persons","3","Thousands",,,3963,,
"CHE","Switzerland","YS99TTL1_ST","Employment all status, all activities ","TT","All persons","A","Annual","2004","2004","PER","Persons","3","Thousands",,,3959.2,,
"CHE","Switzerland","YS99TTL1_ST","Employment all status, all activities ","TT","All persons","A","Annual","2005","2005","PER","Persons","3","Thousands",,,3974.5,,
"CHE","Switzerland","YS99TTL1_ST","Employment all status, all activities ","TT","All persons","A","Annual","2006","2006","PER","Persons","3","Thousands",,,4051.4,,
"CHE","Switzerland","YS99TTL1_ST","Employment all status, all activities ","TT","All persons","A","Annual","2007","2007","PER","Persons","3","Thousands",,,4122,,
"CHE","Switzerland","YS99TTL1_ST","Employment all status, all activities ","TT","All persons","A","Annual","2008","2008","PER","Persons","3","Thousands",,,4228.8,,
"CHE","Switzerland","YS99TTL1_ST","Employment all status, all activities ","TT","All persons","A","Annual","2009","2009","PER","Persons","3","Thousands",,,4268,"B","Break"
"CHE","Switzerland","YS99TTL1_ST","Employment all status, all activities ","TT","All persons","A","Annual","2010","2010","PER","Persons","3","Thousands",,,4207.6,,
"CHE","Switzerland","YS99TTL1_ST","Employment all status, all activities ","TT","All persons","A","Annual","2011","2011","PER","Persons","3","Thousands",,,4298.05,,
"CHE","Switzerland","YS99TTL1_ST","Employment all status, all activities ","TT","All persons","A","Annual","2012","2012","PER","Persons","3","Thousands",,,4351.4,,
"CHE","Switzerland","YS99TTL1_ST","Employment all status, all activities ","TT","All persons","A","Annual","2013","2013","PER","Persons","3","Thousands",,,4392.95,,
"CHE","Switzerland","YS99TTL1_ST","Employment all status, all activities ","TT","All persons","A","Annual","2014","2014","PER","Persons","3","Thousands",,,4469,,
"CHE","Switzerland","YS99TTL1_ST","Employment all status, all activities ","TT","All persons","A","Annual","2015","2015","PER","Persons","3","Thousands",,,4538.4,,
"CHE","Switzerland","YS99TTL1_ST","Employment all status, all activities ","TT","All persons","A","Annual","2016","2016","PER","Persons","3","Thousands",,,4604.4,,
"CHE","Switzerland","YS99TTL1_ST","Employment all status, all activities ","TT","All persons","A","Annual","2017","2017","PER","Persons","3","Thousands",,,4636.725,,
"CHE","Switzerland","YS99TTL1_ST","Employment all status, all activities ","TT","All persons","A","Annual","2018","2018","PER","Persons","3","Thousands",,,4675.325,,
"CHE","Switzerland","YS99TTL1_ST","Employment all status, all activities ","TT","All persons","A","Annual","2019","2019","PER","Persons","3","Thousands",,,4705.775,,
"CHE","Switzerland","YS99TTL1_ST","Employment all status, all activities ","TT","All persons","A","Annual","2020","2020","PER","Persons","3","Thousands",,,4696.1,,
"GBR","United Kingdom","YS99TTL1_ST","Employment all status, all activities ","TT","All persons","A","Annual","1970","1970","PER","Persons","3","Thousands",,,24381,,
"GBR","United Kingdom","YS99TTL1_ST","Employment all status, all activities ","TT","All persons","A","Annual","1971","1971","PER","Persons","3","Thousands",,,24165,,
"GBR","United Kingdom","YS99TTL1_ST","Employment all status, all activities ","TT","All persons","A","Annual","1972","1972","PER","Persons","3","Thousands",,,24139,,
"GBR","United Kingdom","YS99TTL1_ST","Employment all status, all activities ","TT","All persons","A","Annual","1973","1973","PER","Persons","3","Thousands",,,24715,,
"GBR","United Kingdom","YS99TTL1_ST","Employment all status, all activities ","TT","All persons","A","Annual","1974","1974","PER","Persons","3","Thousands",,,24803,,
"GBR","United Kingdom","YS99TTL1_ST","Employment all status, all activities ","TT","All persons","A","Annual","1975","1975","PER","Persons","3","Thousands",,,24719,,
"GBR","United Kingdom","YS99TTL1_ST","Employment all status, all activities ","TT","All persons","A","Annual","1976","1976","PER","Persons","3","Thousands",,,24509,,
"GBR","United Kingdom","YS99TTL1_ST","Employment all status, all activities ","TT","All persons","A","Annual","1977","1977","PER","Persons","3","Thousands",,,24538,,
"GBR","United Kingdom","YS99TTL1_ST","Employment all status, all activities ","TT","All persons","A","Annual","1978","1978","PER","Persons","3","Thousands",,,24696,,
"GBR","United Kingdom","YS99TTL1_ST","Employment all status, all activities ","TT","All persons","A","Annual","1979","1979","PER","Persons","3","Thousands",,,25080,,
"GBR","United Kingdom","YS99TTL1_ST","Employment all status, all activities ","TT","All persons","A","Annual","1980","1980","PER","Persons","3","Thousands",,,25004,,
"GBR","United Kingdom","YS99TTL1_ST","Employment all status, all activities ","TT","All persons","A","Annual","1981","1981","PER","Persons","3","Thousands",,,24011,,
"GBR","United Kingdom","YS99TTL1_ST","Employment all status, all activities ","TT","All persons","A","Annual","1982","1982","PER","Persons","3","Thousands",,,23584,,
"GBR","United Kingdom","YS99TTL1_ST","Employment all status, all activities ","TT","All persons","A","Annual","1983","1983","PER","Persons","3","Thousands",,,23304,,
"GBR","United Kingdom","YS99TTL1_ST","Employment all status, all activities ","TT","All persons","A","Annual","1984","1984","PER","Persons","3","Thousands",,,23854,,
"GBR","United Kingdom","YS99TTL1_ST","Employment all status, all activities ","TT","All persons","A","Annual","1985","1985","PER","Persons","3","Thousands",,,24250,,
"GBR","United Kingdom","YS99TTL1_ST","Employment all status, all activities ","TT","All persons","A","Annual","1986","1986","PER","Persons","3","Thousands",,,24380,,
"GBR","United Kingdom","YS99TTL1_ST","Employment all status, all activities ","TT","All persons","A","Annual","1987","1987","PER","Persons","3","Thousands",,,24754,,
"GBR","United Kingdom","YS99TTL1_ST","Employment all status, all activities ","TT","All persons","A","Annual","1988","1988","PER","Persons","3","Thousands",,,25708,,
"GBR","United Kingdom","YS99TTL1_ST","Employment all status, all activities ","TT","All persons","A","Annual","1989","1989","PER","Persons","3","Thousands",,,26549,,
"GBR","United Kingdom","YS99TTL1_ST","Employment all status, all activities ","TT","All persons","A","Annual","1990","1990","PER","Persons","3","Thousands",,,26818,,
"GBR","United Kingdom","YS99TTL1_ST","Employment all status, all activities ","TT","All persons","A","Annual","1991","1991","PER","Persons","3","Thousands",,,26058,"B","Break"
"GBR","United Kingdom","YS99TTL1_ST","Employment all status, all activities ","TT","All persons","A","Annual","1992","1992","PER","Persons","3","Thousands",,,25435,,
"GBR","United Kingdom","YS99TTL1_ST","Employment all status, all activities ","TT","All persons","A","Annual","1993","1993","PER","Persons","3","Thousands",,,25088,,
"GBR","United Kingdom","YS99TTL1_ST","Employment all status, all activities ","TT","All persons","A","Annual","1994","1994","PER","Persons","3","Thousands",,,25253,,
"GBR","United Kingdom","YS99TTL1_ST","Employment all status, all activities ","TT","All persons","A","Annual","1995","1995","PER","Persons","3","Thousands",,,25489,,
"GBR","United Kingdom","YS99TTL1_ST","Employment all status, all activities ","TT","All persons","A","Annual","1996","1996","PER","Persons","3","Thousands",,,25727,,
"GBR","United Kingdom","YS99TTL1_ST","Employment all status, all activities ","TT","All persons","A","Annual","1997","1997","PER","Persons","3","Thousands",,,26155,,
"GBR","United Kingdom","YS99TTL1_ST","Employment all status, all activities ","TT","All persons","A","Annual","1998","1998","PER","Persons","3","Thousands",,,26395,,
"GBR","United Kingdom","YS99TTL1_ST","Employment all status, all activities ","TT","All persons","A","Annual","1999","1999","PER","Persons","3","Thousands",,,26691,"B","Break"
"GBR","United Kingdom","YS99TTL1_ST","Employment all status, all activities ","TT","All persons","A","Annual","2000","2000","PER","Persons","3","Thousands",,,27483.29,,
"GBR","United Kingdom","YS99TTL1_ST","Employment all status, all activities ","TT","All persons","A","Annual","2001","2001","PER","Persons","3","Thousands",,,27711.39,,
"GBR","United Kingdom","YS99TTL1_ST","Employment all status, all activities ","TT","All persons","A","Annual","2002","2002","PER","Persons","3","Thousands",,,27943.9,,
"GBR","United Kingdom","YS99TTL1_ST","Employment all status, all activities ","TT","All persons","A","Annual","2003","2003","PER","Persons","3","Thousands",,,28223.07,,
"GBR","United Kingdom","YS99TTL1_ST","Employment all status, all activities ","TT","All persons","A","Annual","2004","2004","PER","Persons","3","Thousands",,,28533.45,,
"GBR","United Kingdom","YS99TTL1_ST","Employment all status, all activities ","TT","All persons","A","Annual","2005","2005","PER","Persons","3","Thousands",,,28853.15,,
"GBR","United Kingdom","YS99TTL1_ST","Employment all status, all activities ","TT","All persons","A","Annual","2006","2006","PER","Persons","3","Thousands",,,29140.45,,
"GBR","United Kingdom","YS99TTL1_ST","Employment all status, all activities ","TT","All persons","A","Annual","2007","2007","PER","Persons","3","Thousands",,,29378.75,,
"GBR","United Kingdom","YS99TTL1_ST","Employment all status, all activities ","TT","All persons","A","Annual","2008","2008","PER","Persons","3","Thousands",,,29627.56,,
"GBR","United Kingdom","YS99TTL1_ST","Employment all status, all activities ","TT","All persons","A","Annual","2009","2009","PER","Persons","3","Thousands",,,29154.26,,
"GBR","United Kingdom","YS99TTL1_ST","Employment all status, all activities ","TT","All persons","A","Annual","2010","2010","PER","Persons","3","Thousands",,,29226.87,,
"GBR","United Kingdom","YS99TTL1_ST","Employment all status, all activities ","TT","All persons","A","Annual","2011","2011","PER","Persons","3","Thousands",,,29374.49,,
"GBR","United Kingdom","YS99TTL1_ST","Employment all status, all activities ","TT","All persons","A","Annual","2012","2012","PER","Persons","3","Thousands",,,29694.32,,
"GBR","United Kingdom","YS99TTL1_ST","Employment all status, all activities ","TT","All persons","A","Annual","2013","2013","PER","Persons","3","Thousands",,,30041.77,,
"GBR","United Kingdom","YS99TTL1_ST","Employment all status, all activities ","TT","All persons","A","Annual","2014","2014","PER","Persons","3","Thousands",,,30752.52,,
"GBR","United Kingdom","YS99TTL1_ST","Employment all status, all activities ","TT","All persons","A","Annual","2015","2015","PER","Persons","3","Thousands",,,31285.04,,
"GBR","United Kingdom","YS99TTL1_ST","Employment all status, all activities ","TT","All persons","A","Annual","2016","2016","PER","Persons","3","Thousands",,,31745.32,,
"GBR","United Kingdom","YS99TTL1_ST","Employment all status, all activities ","TT","All persons","A","Annual","2017","2017","PER","Persons","3","Thousands",,,32060.17,,
"GBR","United Kingdom","YS99TTL1_ST","Employment all status, all activities ","TT","All persons","A","Annual","2018","2018","PER","Persons","3","Thousands",,,32442.97,,
"GBR","United Kingdom","YS99TTL1_ST","Employment all status, all activities ","TT","All persons","A","Annual","2019","2019","PER","Persons","3","Thousands",,,32794.59,,
"GBR","United Kingdom","YS99TTL1_ST","Employment all status, all activities ","TT","All persons","A","Annual","2020","2020","PER","Persons","3","Thousands",,,32636.38,,
"USA","United States","YS99TTL1_ST","Employment all status, all activities ","TT","All persons","A","Annual","1970","1970","PER","Persons","3","Thousands",,,78678,,
"USA","United States","YS99TTL1_ST","Employment all status, all activities ","TT","All persons","A","Annual","1971","1971","PER","Persons","3","Thousands",,,79367,,
"USA","United States","YS99TTL1_ST","Employment all status, all activities ","TT","All persons","A","Annual","1972","1972","PER","Persons","3","Thousands",,,82153,,
"USA","United States","YS99TTL1_ST","Employment all status, all activities ","TT","All persons","A","Annual","1973","1973","PER","Persons","3","Thousands",,,85064,,
"USA","United States","YS99TTL1_ST","Employment all status, all activities ","TT","All persons","A","Annual","1974","1974","PER","Persons","3","Thousands",,,86794,,
"USA","United States","YS99TTL1_ST","Employment all status, all activities ","TT","All persons","A","Annual","1975","1975","PER","Persons","3","Thousands",,,85846,,
"USA","United States","YS99TTL1_ST","Employment all status, all activities ","TT","All persons","A","Annual","1976","1976","PER","Persons","3","Thousands",,,88752,,
"USA","United States","YS99TTL1_ST","Employment all status, all activities ","TT","All persons","A","Annual","1977","1977","PER","Persons","3","Thousands",,,92017,,
"USA","United States","YS99TTL1_ST","Employment all status, all activities ","TT","All persons","A","Annual","1978","1978","PER","Persons","3","Thousands",,,96048,,
"USA","United States","YS99TTL1_ST","Employment all status, all activities ","TT","All persons","A","Annual","1979","1979","PER","Persons","3","Thousands",,,98824,,
"USA","United States","YS99TTL1_ST","Employment all status, all activities ","TT","All persons","A","Annual","1980","1980","PER","Persons","3","Thousands",,,99303,,
"USA","United States","YS99TTL1_ST","Employment all status, all activities ","TT","All persons","A","Annual","1981","1981","PER","Persons","3","Thousands",,,100397,,
"USA","United States","YS99TTL1_ST","Employment all status, all activities ","TT","All persons","A","Annual","1982","1982","PER","Persons","3","Thousands",,,99526,,
"USA","United States","YS99TTL1_ST","Employment all status, all activities ","TT","All persons","A","Annual","1983","1983","PER","Persons","3","Thousands",,,100834,,
"USA","United States","YS99TTL1_ST","Employment all status, all activities ","TT","All persons","A","Annual","1984","1984","PER","Persons","3","Thousands",,,105005,,
"USA","United States","YS99TTL1_ST","Employment all status, all activities ","TT","All persons","A","Annual","1985","1985","PER","Persons","3","Thousands",,,107150,,
"USA","United States","YS99TTL1_ST","Employment all status, all activities ","TT","All persons","A","Annual","1986","1986","PER","Persons","3","Thousands",,,109597,,
"USA","United States","YS99TTL1_ST","Employment all status, all activities ","TT","All persons","A","Annual","1987","1987","PER","Persons","3","Thousands",,,112440,,
"USA","United States","YS99TTL1_ST","Employment all status, all activities ","TT","All persons","A","Annual","1988","1988","PER","Persons","3","Thousands",,,114968,,
"USA","United States","YS99TTL1_ST","Employment all status, all activities ","TT","All persons","A","Annual","1989","1989","PER","Persons","3","Thousands",,,117342,"B","Break"
"USA","United States","YS99TTL1_ST","Employment all status, all activities ","TT","All persons","A","Annual","1990","1990","PER","Persons","3","Thousands",,,118793,,
"USA","United States","YS99TTL1_ST","Employment all status, all activities ","TT","All persons","A","Annual","1991","1991","PER","Persons","3","Thousands",,,117718,,
"USA","United States","YS99TTL1_ST","Employment all status, all activities ","TT","All persons","A","Annual","1992","1992","PER","Persons","3","Thousands",,,118492,,
"USA","United States","YS99TTL1_ST","Employment all status, all activities ","TT","All persons","A","Annual","1993","1993","PER","Persons","3","Thousands",,,120259,"B","Break"
"USA","United States","YS99TTL1_ST","Employment all status, all activities ","TT","All persons","A","Annual","1994","1994","PER","Persons","3","Thousands",,,123060,,
"USA","United States","YS99TTL1_ST","Employment all status, all activities ","TT","All persons","A","Annual","1995","1995","PER","Persons","3","Thousands",,,124900,,
"USA","United States","YS99TTL1_ST","Employment all status, all activities ","TT","All persons","A","Annual","1996","1996","PER","Persons","3","Thousands",,,126708,,
"USA","United States","YS99TTL1_ST","Employment all status, all activities ","TT","All persons","A","Annual","1997","1997","PER","Persons","3","Thousands",,,129558,,
"USA","United States","YS99TTL1_ST","Employment all status, all activities ","TT","All persons","A","Annual","1998","1998","PER","Persons","3","Thousands",,,131463,,
"USA","United States","YS99TTL1_ST","Employment all status, all activities ","TT","All persons","A","Annual","1999","1999","PER","Persons","3","Thousands",,,133488,"B","Break"
"USA","United States","YS99TTL1_ST","Employment all status, all activities ","TT","All persons","A","Annual","2000","2000","PER","Persons","3","Thousands",,,136891,,
"USA","United States","YS99TTL1_ST","Employment all status, all activities ","TT","All persons","A","Annual","2001","2001","PER","Persons","3","Thousands",,,136933,,
"USA","United States","YS99TTL1_ST","Employment all status, all activities ","TT","All persons","A","Annual","2002","2002","PER","Persons","3","Thousands",,,136485,,
"USA","United States","YS99TTL1_ST","Employment all status, all activities ","TT","All persons","A","Annual","2003","2003","PER","Persons","3","Thousands",,,137736,,
"USA","United States","YS99TTL1_ST","Employment all status, all activities ","TT","All persons","A","Annual","2004","2004","PER","Persons","3","Thousands",,,139252,,
"USA","United States","YS99TTL1_ST","Employment all status, all activities ","TT","All persons","A","Annual","2005","2005","PER","Persons","3","Thousands",,,141730,,
"USA","United States","YS99TTL1_ST","Employment all status, all activities ","TT","All persons","A","Annual","2006","2006","PER","Persons","3","Thousands",,,144427,,
"USA","United States","YS99TTL1_ST","Employment all status, all activities ","TT","All persons","A","Annual","2007","2007","PER","Persons","3","Thousands",,,146047,,
"USA","United States","YS99TTL1_ST","Employment all status, all activities ","TT","All persons","A","Annual","2008","2008","PER","Persons","3","Thousands",,,145362,,
"USA","United States","YS99TTL1_ST","Employment all status, all activities ","TT","All persons","A","Annual","2009","2009","PER","Persons","3","Thousands",,,139877,,
"USA","United States","YS99TTL1_ST","Employment all status, all activities ","TT","All persons","A","Annual","2010","2010","PER","Persons","3","Thousands",,,139064,,
"USA","United States","YS99TTL1_ST","Employment all status, all activities ","TT","All persons","A","Annual","2011","2011","PER","Persons","3","Thousands",,,139869,,
"USA","United States","YS99TTL1_ST","Employment all status, all activities ","TT","All persons","A","Annual","2012","2012","PER","Persons","3","Thousands",,,142469,,
"USA","United States","YS99TTL1_ST","Employment all status, all activities ","TT","All persons","A","Annual","2013","2013","PER","Persons","3","Thousands",,,143929,,
"USA","United States","YS99TTL1_ST","Employment all status, all activities ","TT","All persons","A","Annual","2014","2014","PER","Persons","3","Thousands",,,146305,,
"USA","United States","YS99TTL1_ST","Employment all status, all activities ","TT","All persons","A","Annual","2015","2015","PER","Persons","3","Thousands",,,148833,,
"USA","United States","YS99TTL1_ST","Employment all status, all activities ","TT","All persons","A","Annual","2016","2016","PER","Persons","3","Thousands",,,151436,,
"USA","United States","YS99TTL1_ST","Employment all status, all activities ","TT","All persons","A","Annual","2017","2017","PER","Persons","3","Thousands",,,153337,,
"USA","United States","YS99TTL1_ST","Employment all status, all activities ","TT","All persons","A","Annual","2018","2018","PER","Persons","3","Thousands",,,155761,,
"USA","United States","YS99TTL1_ST","Employment all status, all activities ","TT","All persons","A","Annual","2019","2019","PER","Persons","3","Thousands",,,157538,,
"USA","United States","YS99TTL1_ST","Employment all status, all activities ","TT","All persons","A","Annual","2020","2020","PER","Persons","3","Thousands",,,147795,,
